{"A": {"src": "12232.jpg", "compress_50": 0.99096922563961154, "compress_75": 0.97754385979491165, "remove": 0.75858301646151372, "compress_25": 0.9949425009290902}, "C": {"src": "11510.jpg", "compress_50": 0.99110800958916456, "compress_75": 0.9842477232514476, "remove": 0.92436493768888461, "compress_25": 0.99593826022296261}, "B": {"src": "11829.jpg", "compress_50": 0.99827175521268496, "compress_75": 0.99700541123911224, "remove": 0.96311663537136849, "compress_25": 0.99894492133124824}, "E": {"src": "11237.jpg", "compress_50": 0.9918783930180578, "compress_75": 0.97672802262570524, "remove": 0.86681677678609637, "compress_25": 0.99506756043837608}, "D": {"src": "11384.jpg", "compress_50": 0.99832717356947731, "compress_75": 0.99724472398407449, "remove": 0.96011965872223337, "compress_25": 0.99868369122960798}, "G": {"src": "11006.jpg", "compress_50": 0.99912671176848311, "compress_75": 0.99869798277012944, "remove": 0.98945908258873116, "compress_25": 0.99925315819391491}, "F": {"src": "11109.jpg", "compress_50": 0.99960197591115552, "compress_75": 0.99782412865319714, "remove": 0.96188979594421842, "compress_25": 0.99990241630109933}, "I": {"src": "10856.jpg", "compress_50": 0.9995267376402136, "compress_75": 0.99880616713725245, "remove": 0.98561730058149921, "compress_25": 0.99969987365207635}, "H": {"src": "10961.jpg", "compress_50": 0.98873454229965207, "compress_75": 0.98575517667848922, "remove": 0.96134486023755361, "compress_25": 0.99733753931250757}, "J": {"src": "10819.jpg", "compress_50": 0.99866633461450094, "compress_75": 0.99797026976820369, "remove": 0.98768550364523444, "compress_25": 0.99900544089270782}}
