{"A": {"src": "12232.jpg", "compress_50": 0.97903221945893482, "compress_75": 0.94786101381460863, "remove": 0.43947460896330592, "compress_25": 0.98825742661995652}, "B": {"src": "11829.jpg", "compress_50": 0.99746592904901121, "compress_75": 0.99560912872712204, "remove": 0.94591908301060601, "compress_25": 0.99845297134693212}}
