{"A": {"src": "12232.jpg", "compress_50": 0.98259032399222324, "compress_75": 0.95670868191872527, "remove": 0.53459235072738198, "compress_25": 0.99025006973705598}, "C": {"src": "11510.jpg", "compress_50": 0.98954767143783129, "compress_75": 0.98148356390741842, "remove": 0.91109273789448264, "compress_25": 0.9952255190657997}, "B": {"src": "11829.jpg", "compress_50": 0.99721592748067134, "compress_75": 0.99517594247234498, "remove": 0.94058367041715152, "compress_25": 0.99830034752659957}}
