{"A": {"src": "12232.jpg", "compress_50": 0.98834805828869243, "compress_75": 0.97102600216894552, "remove": 0.68851213549874135, "compress_25": 0.99347457017221974}, "C": {"src": "11510.jpg", "compress_50": 0.98930877404174622, "compress_75": 0.9810603540608297, "remove": 0.90906068223494985, "compress_25": 0.99511639399801666}, "B": {"src": "11829.jpg", "compress_50": 0.99771698501639816, "compress_75": 0.99604414197513447, "remove": 0.95127699807870669, "compress_25": 0.99860623886886934}, "E": {"src": "11237.jpg", "compress_50": 0.99134796675277526, "compress_75": 0.97520811799699891, "remove": 0.85811851302564601, "compress_25": 0.99474542031250923}, "D": {"src": "11384.jpg", "compress_50": 0.99830615438554438, "compress_75": 0.99721010374355967, "remove": 0.95961855937724028, "compress_25": 0.99866715171561393}}
