{"A": {"src": "12232.jpg", "compress_50": 0.99034596505720474, "compress_75": 0.9759940450764506, "remove": 0.74192157816636028, "compress_25": 0.99459345668430399}, "C": {"src": "11510.jpg", "compress_50": 0.99049978258823868, "compress_75": 0.98317024120278806, "remove": 0.91919137305500009, "compress_25": 0.99566043043581853}, "B": {"src": "11829.jpg", "compress_50": 0.9981057231776691, "compress_75": 0.9967177218622052, "remove": 0.9595732599580773, "compress_25": 0.9988435601931962}, "E": {"src": "11237.jpg", "compress_50": 0.99169390680193059, "compress_75": 0.9761993884456559, "remove": 0.863791455694225, "compress_25": 0.99495551769695512}, "D": {"src": "11384.jpg", "compress_50": 0.99826071464369193, "compress_75": 0.99713526093344407, "remove": 0.95853527160776109, "compress_25": 0.99863139622440844}, "G": {"src": "11006.jpg", "compress_50": 0.99925571995593976, "compress_75": 0.99889032577533787, "remove": 0.99101625993325781, "compress_25": 0.99936348683942144}, "F": {"src": "11109.jpg", "compress_50": 0.99964896361794198, "compress_75": 0.99808099553064045, "remove": 0.96638879774822006, "compress_25": 0.99991393629287773}, "H": {"src": "10961.jpg", "compress_50": 0.99003098334802053, "compress_75": 0.98739448634277338, "remove": 0.96579333550162672, "compress_25": 0.99764393816613128}}
